,title,vote_count,vote_average,score
1881,The Shawshank Redemption,8205,8.5,8.059257641324471
662,Fight Club,9413,8.3,7.939256287651155
65,The Dark Knight,12002,8.2,7.920020244709559
3232,Pulp Fiction,8428,8.3,7.904645074697869
96,Inception,13752,8.1,7.863239441892331
3337,The Godfather,5893,8.4,7.851236282546265
95,Interstellar,10867,8.1,7.809478504799391
809,Forrest Gump,7927,8.2,7.803187600597844
329,The Lord of the Rings: The Return of the King,8064,8.1,7.7272427083210316
